"fecha","vendido","cantidad","ganancia"
2018-01-02,585290.21,34424,110566.95
2018-01-03,574402.56,32827,113802.83
2018-01-04,663825.34,37403,126612.37
2018-01-05,580861.42,33946,114967.88
2018-01-06,573362.85,33748,107465.83
2018-01-07,565374.45,33040,101303.85
2018-01-08,662151.59,38586,120438.95
2018-01-09,617697.66,35344,114594.10
2018-01-10,465838.50,27708,87034.08
2018-01-11,573314.71,32453,106843.74
2018-01-12,553801.33,32279,101979.12
2018-01-13,588282.50,34091,109437.41
2018-01-14,650751.75,36624,126623.99
2018-01-15,566725.39,34103,100987.92
2018-01-16,534232.78,29465,102611.93
2018-01-17,673459.23,39249,123370.72
2018-01-18,523414.63,30097,98658.60
2018-01-19,513611.75,30046,97511.71
2018-01-20,639846.32,37458,122961.90
2018-01-21,651559.52,36909,127169.11
2018-01-22,650542.10,36193,130895.03
2018-01-23,560180.27,33963,101418.40
2018-01-24,611359.79,35726,120815.55
2018-01-25,586777.63,35673,110467.86
2018-01-26,651946.28,36716,122536.94
2018-01-27,660720.27,39067,117803.44
2018-01-28,517954.99,31235,97870.34
2018-01-29,555255.40,31699,106223.89
2018-01-30,584853.34,32671,110260.55
2018-01-31,589677.51,33612,111995.63
2018-02-01,498527.10,29139,89660.99
2018-02-02,527336.82,28930,92913.62
2018-02-03,535888.49,31649,101177.98
2018-02-04,537829.65,31206,103078.71
2018-02-05,570801.43,32652,114221.95
2018-02-06,535163.04,31504,99079.58
2018-02-07,489207.42,29199,88127.41
2018-02-08,510498.96,28762,97131.08
2018-02-09,591064.72,34499,112387.21
2018-02-10,649917.03,38106,120955.59
2018-02-11,573386.42,33885,109657.77
2018-02-12,575580.08,32694,108936.02
2018-02-13,632386.57,35025,120697.32
2018-02-14,714897.25,40880,134411.55
2018-02-15,576806.26,34551,113844.77
2018-02-16,573121.93,34327,111675.20
2018-02-17,485756.80,29105,86220.85
2018-02-18,602466.78,32270,112366.98
2018-02-19,626340.87,37183,114291.70
2018-02-20,544008.48,32259,102837.57
2018-02-21,598315.25,33987,119280.12
2018-02-22,489472.50,26316,95707.16
2018-02-23,601676.04,33730,116272.34
2018-02-24,680996.17,36798,132578.65
2018-02-25,551353.58,32029,103606.37
2018-02-26,548221.73,32558,102819.81
2018-02-27,589551.33,33662,111491.95
2018-02-28,490780.50,29805,89137.55
2018-03-01,490257.70,28825,90398.45
2018-03-02,524463.62,30248,94789.10
2018-03-03,577334.83,33384,112257.67
2018-03-04,548263.71,31819,108453.40
2018-03-05,606887.07,33092,115511.99
2018-03-06,601885.93,33743,121693.36
2018-03-07,637835.75,35321,124863.96
2018-03-08,527648.95,31094,94580.39
2018-03-09,577258.77,31428,118189.05
2018-03-10,477351.05,27278,89968.33
2018-03-11,500986.19,28614,90026.83
2018-03-12,423315.53,24200,79452.03
2018-03-13,592716.81,33786,115613.67
2018-03-14,636189.62,37125,123718.87
2018-03-15,552731.51,32713,102210.64
2018-03-16,428006.60,25346,82594.56
2018-03-17,609590.16,34030,120061.46
2018-03-18,544656.05,30984,99248.39
2018-03-19,604293.77,33711,119136.88
2018-03-20,546537.23,31104,103221.27
2018-03-21,551026.07,33601,99265.08
2018-03-22,499731.85,28316,94424.51
2018-03-23,638830.72,36509,126283.81
2018-03-24,638486.60,36658,119959.18
2018-03-25,673797.95,37117,122452.12
2018-03-26,604519.56,35635,115769.91
2018-03-27,586856.91,34255,106635.96
2018-03-28,604970.35,33471,119208.06
2018-03-29,579384.65,33219,109253.84
2018-03-30,591103.30,34935,110826.15
2018-03-31,655256.47,37998,117334.95
2018-04-01,597016.62,33538,111847.00
2018-04-02,498946.77,29686,90397.63
2018-04-03,531997.22,30977,98561.99
2018-04-04,518564.97,31448,95682.45
2018-04-05,530082.86,31507,101668.93
2018-04-06,713406.83,40318,139163.01
2018-04-07,567265.27,32986,103166.13
2018-04-08,553949.07,33684,99829.41
2018-04-09,584176.25,34232,106575.07
2018-04-10,513759.12,29766,99152.28
2018-04-11,487086.77,28059,92453.86
2018-04-12,546834.46,31308,104942.54
2018-04-13,574888.41,32707,106683.48
2018-04-14,568145.11,34885,104279.96
2018-04-15,637011.20,37714,112307.84
2018-04-16,706109.70,41832,136335.52
2018-04-17,610538.80,34206,115904.36
2018-04-18,571828.53,31642,116761.95
2018-04-19,540794.54,32171,97709.25
2018-04-20,625232.11,35320,121628.81
2018-04-21,558016.06,32409,107435.15
2018-04-22,583277.17,33395,115401.62
2018-04-23,486642.52,27449,94946.01
2018-04-24,541014.45,30941,108657.36
2018-04-25,660225.89,36828,131446.67
2018-04-26,538018.89,29430,106142.19
2018-04-27,451929.74,27739,82511.63
2018-04-28,629576.10,36376,117922.86
2018-04-29,574729.15,33274,111174.39
2018-04-30,610852.93,34289,111927.32
2018-05-01,454930.29,27145,90846.24
2018-05-02,533976.87,31317,101509.04
2018-05-03,525020.55,30287,102926.42
2018-05-04,555506.91,32695,104761.86
2018-05-05,501181.52,29175,88794.77
2018-05-06,637847.62,36192,117026.54
2018-05-07,562319.93,31353,110815.96
2018-05-08,534177.98,30740,101967.88
2018-05-09,496991.96,27816,97652.12
2018-05-10,689284.23,38468,129649.91
2018-05-11,621364.24,35678,126696.02
2018-05-12,585533.30,33894,108210.24
2018-05-13,690575.22,37994,135908.16
2018-05-14,399172.55,22887,75782.42
2018-05-15,605140.27,33456,117982.33
2018-05-16,571284.49,31068,107535.67
2018-05-17,550702.15,33084,104774.49
2018-05-18,474574.44,28435,88397.29
2018-05-19,569105.37,32255,109246.42
2018-05-20,620856.37,35902,126662.39
2018-05-21,617099.71,36233,122914.54
2018-05-22,519227.04,28960,95326.14
2018-05-23,544883.94,32944,102028.38
2018-05-24,635076.08,36191,121649.99
2018-05-25,572565.87,33550,115798.37
2018-05-26,574876.77,32549,115068.26
2018-05-27,601043.47,34182,114611.29
2018-05-28,613065.53,34526,120743.79
2018-05-29,737427.43,43098,134780.41
2018-05-30,603807.79,32532,119362.61
2018-05-31,628623.09,34990,118526.49
2018-06-01,590849.33,34848,116423.31
2018-06-02,551750.14,33092,106173.06
2018-06-03,609409.79,33969,120946.98
2018-06-04,522967.00,29465,101036.65
2018-06-05,576321.74,33447,112747.21
2018-06-06,623949.06,36205,121445.11
2018-06-07,522474.63,31236,97277.49
2018-06-08,580843.87,33987,108116.74
2018-06-09,634586.20,37322,120361.92
2018-06-10,514580.49,29639,96061.38
2018-06-11,654806.32,36227,126598.09
2018-06-12,567160.12,31542,107527.04
2018-06-13,548577.73,31156,111349.29
2018-06-14,643744.29,36924,123066.03
2018-06-15,699551.25,38653,124356.28
2018-06-16,566840.98,34564,104330.62
2018-06-17,570134.01,32056,105399.57
2018-06-18,440238.60,28044,83258.04
2018-06-19,446017.77,26890,79788.17
2018-06-20,572381.65,32440,107504.55
2018-06-21,516635.82,30036,97051.18
2018-06-22,646947.87,36801,122198.88
2018-06-23,443301.75,26866,81065.91
2018-06-24,612010.64,36351,118632.65
2018-06-25,581996.64,33293,112072.57
2018-06-26,510457.50,29816,92687.66
2018-06-27,589619.62,32898,115552.10
2018-06-28,655215.32,37673,125661.05
2018-06-29,531782.29,32024,100451.03
2018-06-30,538394.43,30586,96364.29
2018-07-01,580024.96,34372,108386.68
2018-07-02,618041.10,34459,110475.19
2018-07-03,531202.14,30002,107991.16
2018-07-04,519729.74,28569,101383.43
2018-07-05,520189.76,31008,101847.84
2018-07-06,616905.27,35788,111382.65
2018-07-07,702470.55,41068,132150.73
2018-07-08,551419.68,32674,100870.92
2018-07-09,649946.83,36921,122512.54
2018-07-10,582002.68,33766,112164.34
2018-07-11,576692.56,33518,105940.74
2018-07-12,579699.14,32206,109033.20
2018-07-13,565580.76,32314,109263.40
2018-07-14,537476.88,30054,109403.92
2018-07-15,564765.29,32075,106928.04
2018-07-16,645049.70,37103,121125.73
2018-07-17,655876.58,38231,130080.89
2018-07-18,624626.57,35039,115876.46
2018-07-19,511993.49,29434,92268.83
2018-07-20,658332.99,39472,118394.71
2018-07-21,582707.15,32514,112437.29
2018-07-22,543320.35,31489,99584.24
2018-07-23,494349.05,28682,93532.87
2018-07-24,633858.42,35657,121160.49
2018-07-25,573512.73,32361,101179.34
2018-07-26,664066.20,37829,117630.99
2018-07-27,500606.20,30518,86360.88
2018-07-28,472570.75,27630,93044.55
2018-07-29,523943.20,29510,101008.80
2018-07-30,573828.29,32817,112724.96
2018-07-31,473892.02,27161,88734.13
2018-08-01,590707.37,34483,112677.20
2018-08-02,472204.42,29516,90291.08
2018-08-03,590072.79,33378,116946.07
2018-08-04,531542.99,30905,99227.54
2018-08-05,756435.13,44570,140118.83
2018-08-06,447244.47,26779,80154.76
2018-08-07,560250.65,32624,105258.89
2018-08-08,539046.04,32030,102316.84
2018-08-09,604790.65,34644,115762.59
2018-08-10,562661.30,32033,101795.63
2018-08-11,606291.06,34607,118446.13
2018-08-12,597511.41,33367,108233.08
2018-08-13,535459.68,30624,97961.42
2018-08-14,607196.00,36355,117238.55
2018-08-15,584294.21,32136,109589.57
2018-08-16,605985.74,33819,110557.43
2018-08-17,521858.21,30572,97962.93
2018-08-18,577185.15,33336,110084.51
2018-08-19,577116.03,33386,106410.89
2018-08-20,526741.19,30907,97238.26
2018-08-21,599277.67,36167,119346.34
2018-08-22,507972.02,30947,91054.99
2018-08-23,677460.92,37995,128984.37
2018-08-24,693908.74,38869,132089.43
2018-08-25,700764.18,40530,136647.98
2018-08-26,640871.17,37886,122818.03
2018-08-27,585546.84,32422,114377.06
2018-08-28,585135.80,35490,113483.70
2018-08-29,551636.01,31158,107005.59
2018-08-30,637846.67,37025,120614.92
2018-08-31,585005.07,33478,112957.35
2018-09-01,660424.32,38508,122184.40
2018-09-02,587381.52,36458,107561.10
2018-09-03,603867.84,33319,117416.03
2018-09-04,575874.05,34629,111280.84
2018-09-05,409425.81,23240,79768.21
2018-09-06,582241.38,33788,112296.76
2018-09-07,458224.59,27578,85018.87
2018-09-08,552802.14,32294,105464.08
2018-09-09,515254.45,29717,101513.62
2018-09-10,505388.50,29442,98831.92
2018-09-11,573926.40,32641,108316.31
2018-09-12,521779.08,30677,93721.35
2018-09-13,521598.05,30478,96389.83
2018-09-14,530841.30,30555,100324.35
2018-09-15,602002.59,33767,118273.26
2018-09-16,568670.73,33468,101227.91
2018-09-17,645782.54,36923,122628.77
2018-09-18,540901.55,31015,104632.70
2018-09-19,673257.44,38304,124357.98
2018-09-20,544544.51,32499,104979.00
2018-09-21,577955.41,33670,109990.61
2018-09-22,603358.40,36550,114042.40
2018-09-23,469235.07,27532,86432.39
2018-09-24,526257.59,29790,100380.49
2018-09-25,519767.49,31365,91784.14
2018-09-26,512211.25,29036,101011.61
2018-09-27,565806.00,32737,102051.37
2018-09-28,473321.28,29314,92466.42
2018-09-29,575823.03,32342,109634.45
2018-09-30,615845.15,37073,112584.88
2018-10-01,574138.36,33792,111828.78
2018-10-02,515902.30,31893,98081.73
2018-10-03,574463.78,32537,109671.65
2018-10-04,608564.67,33398,116800.15
2018-10-05,570576.22,31575,105828.97
2018-10-06,555497.59,32894,101230.53
2018-10-07,575292.19,34355,112635.24
2018-10-08,434639.15,27053,78063.68
2018-10-09,490791.06,27661,90311.67
2018-10-10,540777.14,31654,105735.68
2018-10-11,466100.85,27306,90082.91
2018-10-12,490069.61,29136,91263.97
2018-10-13,611905.04,34708,113501.62
2018-10-14,525409.80,29136,103724.66
2018-10-15,421344.43,25436,77078.79
2018-10-16,565071.32,32248,104790.30
2018-10-17,599801.75,33668,117500.43
2018-10-18,599065.14,35147,107919.61
2018-10-19,567120.35,32748,103798.33
2018-10-20,629358.20,36243,123917.63
2018-10-21,559342.18,32156,103261.24
2018-10-22,521326.90,30419,95631.59
2018-10-23,613499.52,35423,114717.75
2018-10-24,627376.14,34025,117897.39
2018-10-25,667979.42,37109,130152.51
2018-10-26,637534.04,36207,119214.61
2018-10-27,649906.95,38284,123179.79
2018-10-28,591335.53,34008,116705.11
2018-10-29,640515.32,37201,122369.83
2018-10-30,564680.40,31712,106993.52
2018-10-31,479575.33,27028,96303.11
2018-11-01,483275.53,27861,89638.64
2018-11-02,568055.94,32982,100971.26
2018-11-03,576652.65,33728,106572.93
2018-11-04,476043.25,28362,88992.87
2018-11-05,632782.35,36740,124687.75
2018-11-06,668461.62,39091,123726.03
2018-11-07,620855.71,35747,115423.68
2018-11-08,563261.02,32841,104506.93
2018-11-09,568466.96,34106,107592.02
2018-11-10,626828.47,35810,116111.57
2018-11-11,590384.04,34178,119929.82
2018-11-12,595600.65,34710,115803.75
2018-11-13,553120.99,32541,107409.90
2018-11-14,647452.80,37677,125008.57
2018-11-15,584373.64,33553,107498.67
2018-11-16,542040.97,30818,102038.65
2018-11-17,555009.55,31730,104778.85
2018-11-18,508345.53,30498,100349.01
2018-11-19,554521.13,30578,105423.91
2018-11-20,505740.41,29435,96109.26
2018-11-21,616806.02,35241,123813.93
2018-11-22,616282.10,35267,110509.27
2018-11-23,602357.58,34521,113794.29
2018-11-24,594320.48,33773,113805.71
2018-11-25,619970.41,36747,120882.88
2018-11-26,625011.99,36689,114599.38
2018-11-27,512107.91,30087,97844.28
2018-11-28,627810.79,35530,118590.59
2018-11-29,602755.79,36745,114175.24
2018-11-30,533764.14,30854,100885.18
2018-12-01,583505.12,33558,111355.20
2018-12-02,559721.87,33254,110259.41
2018-12-03,523306.69,32055,102362.24
2018-12-04,673227.30,38330,118935.10
2018-12-05,513990.78,30707,97390.85
2018-12-06,448068.92,26127,84404.19
2018-12-07,586405.65,34294,108572.09
2018-12-08,583978.91,33651,109387.92
2018-12-09,630219.90,37878,119188.18
2018-12-10,513086.67,29612,98915.79
2018-12-11,584347.51,33155,113748.06
2018-12-12,598353.38,34443,114818.81
2018-12-13,610933.54,35970,119930.24
2018-12-14,476478.83,27652,94694.85
2018-12-15,533069.30,30356,97688.36
2018-12-16,513953.76,29541,94255.67
2018-12-17,589322.03,34737,106792.40
2018-12-18,693778.17,39071,134148.38
2018-12-20,1013954.25,58395,188718.70
2018-12-21,558702.86,32405,103964.91
2018-12-22,508666.49,29665,97075.14
2018-12-23,593675.06,34459,111783.65
2018-12-24,520769.63,30743,98316.56
2018-12-25,574505.00,35731,104519.31
2018-12-26,550551.81,31331,102034.12
2018-12-27,663313.35,37198,122605.33
2018-12-28,531869.29,31749,95301.78
2018-12-29,688704.80,39866,126870.46
2018-12-30,759843.67,42730,139105.97
2018-12-31,485564.04,27642,95503.46
2019-01-01,448568.85,26570,84290.05
2019-01-02,558053.38,32159,105116.97
2019-01-03,553626.50,32943,113909.43
2019-01-04,613895.83,34260,124145.93
2019-01-05,578664.27,32566,108966.43
2019-01-06,551745.10,31159,104608.69
2019-01-07,532564.25,30001,103959.76
2019-01-08,569448.75,32392,107197.67
2019-01-09,452377.18,26265,84373.83
2019-01-10,566878.96,32246,110802.92
2019-01-11,528520.24,30828,104221.02
2019-01-12,531117.01,30438,94665.39
2019-01-13,588747.70,34836,108772.56
2019-01-14,637663.69,35498,121543.17
2019-01-15,611253.45,34905,114545.00
2019-01-16,640502.34,37845,123019.29
2019-01-17,574160.26,31411,111191.87
2019-01-18,664704.88,38221,123988.09
2019-01-19,540603.99,30453,104169.02
2019-01-20,515080.96,30849,94004.45
2019-01-21,559963.17,32318,110126.85
2019-01-22,549135.21,32024,106485.45
2019-01-23,493294.64,29334,89219.48
2019-01-24,593849.33,34608,109427.41
2019-01-25,403970.48,25550,70291.48
2019-01-26,526940.73,29163,96414.36
2019-01-27,473204.68,28815,88731.33
2019-01-28,641004.69,36643,122644.62
2019-01-29,638624.78,36226,123159.04
2019-01-30,587142.17,35149,109499.66
2019-01-31,575499.58,32943,106581.51
2019-02-01,639147.03,36039,121254.92
2019-02-02,595554.79,35232,110726.11
2019-02-03,620058.31,34509,114535.40
2019-02-04,505178.22,28289,97908.61
2019-02-05,555890.78,31697,106688.25
2019-02-06,601920.69,34409,112735.28
2019-02-07,500745.75,28871,97031.96
2019-02-08,565133.93,30433,105741.76
2019-02-09,591828.52,33217,115182.19
2019-02-10,551945.91,32144,103512.35
2019-02-11,566964.27,32973,104405.00
2019-02-12,573872.99,33659,103875.08
2019-02-13,629363.94,34366,116361.10
2019-02-14,415576.02,24640,79493.42
2019-02-15,574077.68,33234,109809.52
2019-02-16,594208.34,34481,109266.65
2019-02-17,536576.68,31202,99168.20
2019-02-18,709799.06,41361,137731.67
2019-02-19,607823.51,35632,109297.33
2019-02-20,670490.97,37848,126053.95
2019-02-21,626972.86,35620,122894.56
2019-02-22,556809.50,31384,102770.84
2019-02-23,613054.95,37031,112845.26
2019-02-24,583790.13,34711,107965.74
2019-02-25,648393.15,37252,118524.67
2019-02-26,518055.14,30689,99407.53
2019-02-27,538227.56,30407,104152.63
2019-02-28,550292.23,31819,109465.92
2019-03-01,579224.36,33190,106358.26
2019-03-02,492981.35,27575,98348.60
2019-03-03,538840.17,32031,107038.48
2019-03-04,520782.57,30982,97178.89
2019-03-05,596181.33,33740,112923.73
2019-03-06,664922.84,39277,119562.11
2019-03-07,642705.48,36717,118204.15
2019-03-08,532512.23,31527,98467.00
2019-03-09,588671.87,33326,107522.63
2019-03-10,587474.74,32972,111097.46
2019-03-11,490908.38,29862,89123.50
2019-03-12,517820.86,31320,93661.06
2019-03-13,611417.82,33642,123078.74
2019-03-14,570622.22,32973,108937.45
2019-03-15,511024.42,30412,91956.54
2019-03-16,560709.18,33043,102383.61
2019-03-17,507024.93,30197,91249.90
2019-03-18,531507.79,30156,100062.35
2019-03-19,581604.68,32713,114310.31
2019-03-20,585879.66,34824,114342.40
2019-03-21,508294.02,28953,101271.05
2019-03-22,571349.77,32650,104443.27
2019-03-23,565740.76,32142,101627.18
2019-03-24,611632.88,35832,117940.20
2019-03-25,622397.20,36812,118517.32
2019-03-26,624895.66,34629,117054.95
2019-03-27,539136.45,30649,106801.44
2019-03-28,574359.28,31257,108570.35
2019-03-29,636621.89,35753,120621.42
2019-03-30,504830.39,29052,90742.41
2019-03-31,600199.91,34863,113688.04
2019-04-01,522689.62,30293,97902.05
2019-04-02,615617.72,35974,116337.46
2019-04-03,550764.20,31601,100582.21
2019-04-04,555205.76,32475,107352.51
2019-04-05,580249.77,35019,110005.96
2019-04-06,520299.39,28926,100403.15
2019-04-07,670375.43,37374,124474.17
2019-04-08,589621.75,33957,111530.82
2019-04-09,556262.31,33841,95206.72
2019-04-10,553547.56,32995,100530.01
2019-04-11,566277.30,33020,105713.00
2019-04-12,585687.78,33695,108233.23
2019-04-13,544944.71,32236,105491.07
2019-04-14,580206.78,34006,104647.84
2019-04-15,577341.10,32564,110901.74
2019-04-16,477543.95,27495,90495.90
2019-04-17,608936.09,37001,110589.10
2019-04-18,581201.35,34082,105401.67
2019-04-19,531185.65,30506,103637.71
2019-04-20,483771.01,27850,91654.51
2019-04-21,513871.82,28668,94534.00
2019-04-22,492670.31,28719,93186.00
2019-04-23,533883.82,30406,96666.38
2019-04-24,520824.89,30520,94189.59
2019-04-25,642283.94,36447,125323.41
2019-04-26,494606.08,29289,97403.97
2019-04-27,559794.52,31015,108332.67
2019-04-28,523537.55,29813,100359.68
2019-04-29,661479.22,39072,129693.94
2019-04-30,591041.53,34048,111704.51
2019-05-01,518344.44,30192,97553.86
2019-05-02,552170.62,30586,107894.48
2019-05-03,475470.56,27173,89236.79
2019-05-04,501338.22,28922,94723.44
2019-05-05,527476.66,31085,95511.01
2019-05-06,542116.94,32617,105898.11
2019-05-07,545583.55,30571,101827.26
2019-05-08,571161.31,32659,104666.40
2019-05-09,589769.58,34527,107626.35
2019-05-10,593640.41,33300,110679.41
2019-05-11,550871.82,32560,106217.42
2019-05-12,483387.33,28558,89707.91
2019-05-13,660047.77,37139,121050.66
2019-05-14,529271.81,30065,97070.96
2019-05-15,576311.96,32639,102821.85
2019-05-16,650659.25,34284,130681.09
2019-05-17,517542.35,30455,99293.40
2019-05-18,476432.77,28590,93824.17
2019-05-19,577139.90,34008,101418.48
2019-05-20,603501.05,36206,112560.11
2019-05-21,630950.54,36279,119837.83
2019-05-22,462544.69,26993,85529.62
2019-05-23,671956.40,38137,123912.27
2019-05-24,558972.50,31234,107139.34
2019-05-25,647389.77,36369,127167.46
2019-05-26,533745.70,30566,97513.86
2019-05-27,572928.87,32438,110045.75
2019-05-28,658900.42,36399,128199.41
2019-05-29,659716.74,36976,119506.50
2019-05-30,525789.60,31456,97974.66
2019-05-31,509170.57,31176,101788.83
2019-06-01,618396.60,36713,118619.23
2019-06-02,601368.20,34814,112015.34
2019-06-03,431947.40,26391,83633.31
2019-06-04,575663.68,31970,112554.38
2019-06-05,622211.01,34559,118002.10
2019-06-06,528078.00,29807,97534.57
2019-06-07,539479.46,31631,102325.27
2019-06-08,636804.27,36077,119685.04
2019-06-09,598949.12,33826,112699.38
2019-06-10,617686.21,35656,112902.27
2019-06-11,504774.98,29298,97941.96
2019-06-12,514719.06,29495,100427.51
2019-06-13,627041.99,35035,115743.84
2019-06-14,669157.62,37417,127050.29
2019-06-15,654916.38,38017,126281.55
2019-06-16,499386.73,28651,98599.24
2019-06-17,607773.89,34977,118900.66
2019-06-18,557468.93,31899,103036.42
2019-06-19,563597.28,33102,105540.30
2019-06-20,614589.05,35256,122290.61
2019-06-21,633056.51,37302,117727.53
2019-06-22,581034.22,33024,104781.46
2019-06-23,754512.58,43445,146423.53
2019-06-24,703155.01,40406,132673.07
2019-06-25,618999.14,35496,115646.10
2019-06-26,556332.26,31368,105938.44
2019-06-27,643098.77,36815,120225.42
2019-06-28,525998.64,31365,95437.29
2019-06-29,612317.76,34268,119088.94
2019-06-30,606131.83,34629,112121.62
2019-07-01,620033.40,35957,123073.47
2019-07-02,630745.61,34936,123239.47
2019-07-03,513261.15,31070,96949.85
2019-07-04,560810.72,33979,105884.01
2019-07-05,580140.83,34151,116362.34
2019-07-06,518467.32,29499,93452.31
2019-07-07,526866.64,29424,98502.88
2019-07-08,588087.69,33369,113041.88
2019-07-09,673040.87,40760,128478.97
2019-07-10,554898.16,31695,106372.61
2019-07-11,606316.57,33245,117514.02
2019-07-12,448008.41,26667,89347.58
2019-07-13,577332.79,34201,100704.80
2019-07-14,580163.67,32598,111169.15
2019-07-15,628269.74,36058,117966.32
2019-07-16,624992.64,35276,122593.40
2019-07-17,484571.64,28098,98234.12
2019-07-18,658745.66,38184,127372.00
2019-07-19,579942.12,33046,107966.08
2019-07-20,531028.92,31557,100956.49
2019-07-21,637225.89,36892,123902.31
2019-07-22,486238.88,27766,96632.04
2019-07-23,581200.54,32777,111088.31
2019-07-24,585656.35,33791,107629.26
2019-07-25,586542.45,32199,116959.94
2019-07-26,585438.59,33881,118688.40
2019-07-27,567390.06,34048,110434.54
2019-07-28,543145.19,30283,99124.52
2019-07-29,513290.45,29255,96521.00
2019-07-30,578292.32,33915,110264.47
2019-07-31,521844.31,29414,96522.95
2019-08-01,499536.55,28899,96375.54
2019-08-02,590905.79,32169,109378.48
2019-08-03,652233.87,36892,121932.29
2019-08-04,428947.75,25227,81918.52
2019-08-05,528773.42,30909,102811.01
2019-08-06,519685.17,31083,99907.00
2019-08-07,648836.25,36864,126447.89
2019-08-08,496146.77,29470,93310.47
2019-08-09,618401.92,35123,120208.65
2019-08-10,605605.80,35642,114310.22
2019-08-11,475110.94,27275,86400.19
2019-08-12,600594.83,33867,111299.50
2019-08-13,528546.92,30680,98786.72
2019-08-14,607339.61,35401,117337.12
2019-08-15,661274.12,36541,131595.03
2019-08-16,496104.11,28125,93207.86
2019-08-17,721095.89,39327,139052.66
2019-08-18,709235.39,41137,133515.26
2019-08-19,484338.21,29986,95965.57
2019-08-20,507345.55,28105,100528.60
2019-08-21,547628.76,30397,107172.73
2019-08-22,611594.07,35197,120124.04
2019-08-23,616031.20,35474,116908.94
2019-08-24,657700.97,37610,124806.07
2019-08-25,449434.36,26079,83214.65
2019-08-26,559927.86,33566,104553.02
2019-08-27,425381.43,25636,82730.79
2019-08-28,547270.40,31286,100903.26
2019-08-29,617492.22,33602,122790.74
2019-08-30,628128.01,35623,117615.24
2019-08-31,458621.50,27455,84407.05
2019-09-01,613777.69,34864,119858.33
2019-09-02,680959.24,38980,133241.54
2019-09-03,600180.38,36741,110554.29
2019-09-04,525577.35,30650,98061.35
2019-09-05,590405.81,34108,116212.89
2019-09-06,457215.64,28463,86896.27
2019-09-07,613220.20,35789,109818.59
2019-09-08,463650.34,26778,89566.12
2019-09-09,605327.63,34230,110411.43
2019-09-10,642549.66,36518,116695.84
2019-09-11,524440.07,31346,92917.03
2019-09-12,550399.69,31191,100750.60
2019-09-13,573096.76,34004,111236.80
2019-09-14,615705.51,36614,113119.15
2019-09-15,607611.06,33728,120136.84
2019-09-16,561848.34,32919,102334.53
2019-09-17,721058.24,40844,141517.18
2019-09-18,650519.99,35844,122414.43
2019-09-19,488011.74,27303,88321.27
2019-09-20,535278.67,30947,97273.14
2019-09-21,453506.55,26397,80496.02
2019-09-22,554181.89,32237,98908.76
2019-09-23,536684.97,32787,101670.34
2019-09-24,498432.12,28122,88609.34
2019-09-25,584282.64,33780,107521.94
2019-09-26,662384.04,38381,121450.35
2019-09-27,508102.53,30359,95307.62
2019-09-28,450766.76,25753,84144.79
2019-09-29,528882.31,29539,97964.70
2019-09-30,465559.74,27121,90075.45
2019-10-01,575211.05,33162,119484.67
2019-10-02,545955.07,31673,104330.80
2019-10-03,465189.04,25964,86569.68
2019-10-04,527511.35,29677,99333.62
2019-10-05,521389.44,30711,97998.55
2019-10-06,537224.61,30820,99160.31
2019-10-07,592254.47,33007,111904.04
2019-10-08,609782.88,35061,116290.99
2019-10-09,543865.54,32220,107962.74
2019-10-10,571741.96,32840,108879.36
2019-10-11,559345.72,32562,103887.84
2019-10-12,497966.43,28686,93936.79
2019-10-13,516052.38,30534,102973.22
2019-10-14,523914.06,32177,99328.83
2019-10-15,602929.02,35172,114568.24
2019-10-16,584887.36,33597,111470.83
2019-10-17,579886.80,31855,110369.35
2019-10-18,578870.62,32841,114223.03
2019-10-19,491965.41,27497,91333.38
2019-10-20,567080.75,31897,106124.22
2019-10-21,577813.23,32796,117558.19
2019-10-22,579838.36,32191,108982.77
2019-10-23,555232.50,31759,103044.09
2019-10-24,574541.72,34055,106658.77
2019-10-25,583901.21,32924,112930.45
2019-10-26,558464.54,31437,109221.91
2019-10-27,552400.54,32861,104414.15
2019-10-28,666630.05,37220,125021.25
2019-10-29,543094.75,30770,101495.45
2019-10-30,617933.40,34621,122178.61
2019-10-31,640404.51,37285,120686.36
2019-11-01,505143.14,27992,100101.06
2019-11-02,533496.05,31568,98700.23
2019-11-03,510961.89,30846,98224.85
2019-11-04,633266.88,34777,128817.15
2019-11-05,515703.64,29073,90793.37
2019-11-06,551833.08,31023,104403.81
2019-11-07,548037.53,34430,101906.83
2019-11-08,573103.92,33119,111079.61
2019-11-09,506484.42,30141,94352.33
2019-11-10,510638.55,28922,98939.27
2019-11-11,716213.92,42613,136168.55
2019-11-12,549936.39,34489,100936.78
2019-11-13,478134.30,28393,89894.73
2019-11-14,624446.41,35592,119896.33
2019-11-15,554567.27,31718,104992.45
2019-11-16,543366.98,32215,105392.13
2019-11-17,566125.65,33242,103956.57
2019-11-18,522241.89,30701,95815.90
2019-11-19,542281.77,30962,105950.39
2019-11-20,543869.15,32394,101295.09
2019-11-21,519549.54,32015,100326.69
2019-11-22,499763.11,29574,96518.35
2019-11-23,650513.82,38097,120591.79
2019-11-24,572619.22,33861,108108.33
2019-11-25,575842.76,33393,107762.69
2019-11-26,503671.32,28562,97705.94
2019-11-27,543424.32,32078,98858.10
2019-11-28,520695.83,29467,99930.50
2019-11-29,563083.06,32696,104751.52
2019-11-30,519581.83,31045,94155.78
2019-12-01,625607.60,35452,119423.12
2019-12-02,559995.41,31615,102088.06
2019-12-03,564933.39,32753,113347.42
2019-12-04,546456.42,31292,104798.84
2019-12-05,570407.34,32217,105352.51
2019-12-06,492225.60,29387,87646.47
2019-12-07,601032.12,34003,117251.15
2019-12-08,512087.24,30592,94373.66
2019-12-09,553032.94,30838,100876.32
2019-12-10,495614.72,29563,89755.85
2019-12-11,602643.94,34385,115962.29
2019-12-12,498122.82,28567,97481.99
2019-12-13,605959.25,33701,111130.76
2019-12-14,520792.20,29176,100954.46
2019-12-15,574904.99,33160,112703.09
2019-12-16,440872.70,26245,80513.65
2019-12-17,624125.81,35432,116157.13
2019-12-18,545233.50,30863,107042.13
2019-12-19,610742.55,33767,117823.22
2019-12-20,668594.13,39481,118906.94
2019-12-21,612316.35,34220,116213.55
2019-12-22,535201.01,31374,100459.75
2019-12-23,477381.01,28254,88689.05
2019-12-24,576712.19,32334,112484.03
2019-12-25,466018.26,26707,85263.33
2019-12-26,664900.69,38888,128952.57
2019-12-27,591118.57,36561,112906.18
2019-12-28,572901.37,30858,111466.95
2019-12-29,543115.83,31844,99365.27
2019-12-30,552965.79,31859,98008.38
2019-12-31,624383.85,34678,115642.63
2020-01-01,509624.42,28366,97310.58
2020-01-02,496991.94,30059,92646.03
2020-01-03,595361.18,32552,114329.70
2020-01-04,594627.09,33965,116185.74
2020-01-05,604892.25,35588,111681.13
2020-01-06,541906.71,30472,101031.43
2020-01-07,531909.37,30199,103104.86
2020-01-08,623508.27,36095,117176.22
2020-01-09,556168.77,34801,96032.78
2020-01-10,638388.24,36624,127538.98
2020-01-11,493767.65,29183,93843.98
2020-01-12,601916.52,33010,119114.12
2020-01-13,575182.13,33391,113895.54
2020-01-14,690315.80,38829,135801.59
2020-01-15,592931.06,34524,110389.30
2020-01-16,583123.87,34019,107664.56
2020-01-17,427383.40,26032,78169.72
2020-01-18,493039.87,29152,91048.39
2020-01-19,581574.59,33477,113469.36
2020-01-20,509697.36,31236,90497.72
2020-01-21,426256.18,25650,82552.18
2020-01-22,512867.62,30617,96938.29
2020-01-23,482907.17,28360,95890.27
2020-01-24,603109.51,35081,116559.82
2020-01-25,555860.99,32151,105098.00
2020-01-26,606491.84,34673,113751.07
2020-01-27,559323.64,32967,106274.81
2020-01-28,455466.42,27576,82656.18
2020-01-29,585719.98,34671,113590.19
2020-01-30,527930.03,30399,98216.52
2020-01-31,545820.10,31925,98192.85
2020-02-01,682528.14,38863,133992.27
2020-02-02,527226.64,29712,93301.26
2020-02-03,619396.67,33827,118455.44
2020-02-04,553673.50,33093,100582.93
2020-02-05,567434.99,34045,103861.44
2020-02-06,531025.09,31576,97403.85
2020-02-07,506156.60,30488,93661.48
2020-02-08,563398.61,31151,107436.62
2020-02-09,717542.28,41583,140945.11
2020-02-10,644776.27,37558,111963.35
2020-02-11,695570.49,39982,132688.81
2020-02-12,594310.68,34513,109274.31
2020-02-13,530252.94,31107,104724.01
2020-02-14,488594.72,27744,90564.66
2020-02-15,654203.20,38193,126380.13
2020-02-16,655153.66,38638,118896.04
2020-02-17,498960.07,29001,97886.08
2020-02-18,579005.74,33925,105439.99
2020-02-19,600094.01,33536,105583.37
2020-02-20,685929.30,38680,131310.60
2020-02-21,426515.43,26293,79877.86
2020-02-22,691962.31,38865,130572.96
2020-02-23,550566.26,30086,103330.12
2020-02-24,548612.22,28689,101580.11
2020-02-25,491931.28,29897,84761.75
2020-02-26,580168.43,32244,115234.87
2020-02-27,609385.46,33935,120726.31
2020-02-28,647592.12,36158,123403.70
2020-03-01,653085.32,37982,122628.14
2020-03-02,580713.37,35098,112245.85
2020-03-03,523644.76,31479,92323.55
2020-03-04,586805.23,34133,113731.06
2020-03-05,657335.51,38906,125067.07
2020-03-06,612240.01,35018,122456.19
2020-03-07,630854.31,36477,123337.08
2020-03-08,566589.26,32661,106556.87
2020-03-09,662205.16,36306,126805.22
2020-03-10,566834.21,33706,105904.77
2020-03-11,638815.65,36554,119237.19
2020-03-12,511879.74,29283,97266.57
2020-03-13,766574.50,43731,149684.81
2020-03-14,617434.14,35866,122434.80
2020-03-15,598339.85,34923,118647.58
2020-03-16,635983.48,37670,121854.68
2020-03-17,552567.09,32388,103784.47
2020-03-18,494244.13,29569,98125.32
2020-03-19,642624.29,38292,122675.21
2020-03-20,569981.44,31956,110374.50
2020-03-21,557395.68,31740,111770.08
2020-03-22,557508.91,31163,104669.54
2020-03-23,700237.10,40356,132664.16
2020-03-24,555853.40,30991,113173.31
2020-03-25,473191.92,26903,90930.45
2020-03-26,526368.68,31183,100864.51
2020-03-27,578534.36,34523,108822.59
2020-03-28,480958.78,27191,94874.19
2020-03-29,647500.52,36065,122991.67
2020-03-30,611510.90,33355,114979.45
2020-03-31,528448.21,30119,102924.40
2020-04-01,591417.13,34877,102680.90
2020-04-02,659546.57,37322,134701.29
2020-04-03,520281.62,31051,97613.63
2020-04-04,628119.79,35257,129959.86
2020-04-05,564894.98,31710,113313.58
2020-04-06,581059.51,34734,111304.35
2020-04-07,616324.04,34287,115497.41
2020-04-08,543542.95,32318,103671.13
2020-04-09,526026.75,29082,102053.07
2020-04-10,622486.84,34950,115266.84
2020-04-11,611982.53,34147,115260.00
2020-04-12,571226.97,32018,110010.65
2020-04-13,542664.19,32471,104500.90
2020-04-14,516556.07,29714,95603.21
2020-04-15,560295.26,33190,107092.66
2020-04-16,605181.24,34980,119421.54
2020-04-17,629409.27,35180,118891.57
2020-04-18,527376.64,31420,98445.34
2020-04-19,546848.55,32900,106735.55
2020-04-20,504176.09,28656,96981.15
2020-04-21,613921.45,35727,111669.72
2020-04-22,566106.17,32660,111276.27
2020-04-23,554113.37,31445,102596.32
2020-04-24,575509.67,32215,110066.32
2020-04-25,633939.46,35310,124410.06
2020-04-26,595462.04,35212,108400.16
2020-04-27,598253.41,34060,110438.51
2020-04-28,662795.69,36629,122496.48
2020-04-29,592137.94,34347,113072.91
2020-04-30,510774.20,28545,98898.15
2020-05-01,517656.32,29555,95633.87
2020-05-02,513149.74,30693,101092.17
2020-05-03,508538.34,29993,91980.77
2020-05-04,574808.71,33013,106935.34
2020-05-05,513234.37,28082,98474.69
2020-05-06,476684.99,27787,84476.36
2020-05-07,505660.34,29122,93769.56
2020-05-08,578432.20,32994,115128.64
2020-05-09,508429.44,28190,97436.84
2020-05-10,501679.95,30018,89012.63
2020-05-11,498823.84,27853,95056.87
2020-05-12,515564.51,30032,99796.33
2020-05-13,630030.36,36809,116195.95
2020-05-14,512709.92,29769,92007.11
2020-05-15,535614.35,31257,100421.92
2020-05-16,582990.47,33188,114499.35
2020-05-17,578579.80,35022,109145.52
2020-05-18,523340.97,30930,97478.27
2020-05-19,536280.33,31277,98848.60
2020-05-20,548714.13,31824,105183.37
2020-05-21,652024.86,36130,135677.66
2020-05-22,642321.22,37393,119767.15
2020-05-23,554161.72,32350,105237.72
2020-05-24,506306.62,30474,90253.36
2020-05-25,641116.76,35588,130490.64
2020-05-26,596843.95,33791,114717.36
2020-05-27,517586.35,31004,94721.89
2020-05-28,575298.13,35293,111271.06
2020-05-29,513014.09,29426,90234.35
2020-05-30,548296.14,31375,95637.39
2020-05-31,664965.44,36536,127848.80
2020-06-01,526454.95,31652,98217.97
2020-06-02,616366.81,36184,115932.65
2020-06-03,550525.31,31478,108212.09
2020-06-04,578319.70,33072,107541.42
2020-06-05,430541.13,23980,82735.93
2020-06-06,661999.45,37723,125494.18
2020-06-07,530474.83,29246,103522.79
2020-06-08,531807.09,32235,104308.94
2020-06-09,707922.12,40209,133810.71
2020-06-10,562284.65,32455,110494.70
2020-06-11,604759.47,35097,114493.44
2020-06-12,550535.09,31333,111162.42
2020-06-13,637264.64,34804,122486.68
2020-06-14,591172.01,33595,109884.46
2020-06-15,641206.16,38162,120207.28
2020-06-16,526521.69,31352,97211.71
2020-06-17,617720.46,33831,118363.27
2020-06-18,639596.39,37246,122607.85
2020-06-19,571336.58,33611,110114.69
2020-06-20,623603.35,33939,123484.74
2020-06-21,533633.96,30973,105202.19
2020-06-22,653568.70,37263,120643.33
2020-06-23,561938.91,32466,102652.57
2020-06-24,540739.45,29487,106376.32
2020-06-25,515016.36,30451,98697.37
2020-06-26,492809.05,29170,87681.25
2020-06-27,671307.85,39330,121191.65
2020-06-28,670469.30,38439,128578.19
2020-06-29,462756.34,26225,84765.09
2020-06-30,603691.50,35284,117201.34
2020-07-01,603656.96,33940,111751.36
2020-07-02,632690.63,36667,114457.30
2020-07-03,594667.53,33802,107782.05
2020-07-04,654441.92,37046,126971.88
2020-07-05,637717.29,36949,121766.78
2020-07-06,490318.22,30351,93266.23
2020-07-07,604053.01,33974,112471.25
2020-07-08,627738.21,35722,117967.93
2020-07-09,643796.45,36806,117476.01
2020-07-10,566522.48,32816,107331.64
2020-07-11,638180.99,36447,124743.96
2020-07-12,445186.12,26673,82467.85
2020-07-13,531398.66,30967,100372.33
2020-07-14,610710.54,33600,119577.54
2020-07-15,570541.74,33415,105946.89
2020-07-16,520564.48,31376,100014.24
2020-07-17,516642.84,29266,99913.50
2020-07-18,453995.95,26369,87256.64
2020-07-19,489819.05,27721,98623.76
2020-07-20,553677.82,31360,108378.92
2020-07-21,616745.24,34728,118464.52
2020-07-22,646420.23,38610,125339.83
2020-07-23,690461.08,40567,126977.25
2020-07-24,630375.75,35815,120252.90
2020-07-25,527889.41,31272,98535.13
2020-07-26,580868.58,33022,110756.30
2020-07-27,600951.22,35738,112085.60
2020-07-28,567963.58,32842,109940.00
2020-07-29,537465.70,30831,102900.51
2020-07-30,493645.98,29596,92270.94
2020-07-31,580736.67,35017,110168.34
2020-08-01,487830.83,28972,90355.55
2020-08-02,567412.28,34958,107300.86
2020-08-03,633214.12,36799,121204.11
2020-08-04,553407.68,33100,104501.68
2020-08-05,480633.51,27908,87722.09
2020-08-06,588929.80,34339,110716.69
2020-08-07,546298.44,32646,105378.90
2020-08-08,500669.43,28603,96059.46
2020-08-09,618682.78,34306,120353.84
2020-08-10,609307.60,36870,114197.80
2020-08-11,609300.00,35485,115233.85
2020-08-12,529365.66,31032,102394.48
2020-08-13,639963.25,36698,121178.73
2020-08-14,647087.99,35504,123869.03
2020-08-15,615801.84,35153,124608.37
2020-08-16,600493.93,35224,104827.67
2020-08-17,474396.36,27772,80321.58
2020-08-18,584327.73,32628,114091.01
2020-08-19,660242.90,37192,123648.32
2020-08-20,443365.14,25784,85616.98
2020-08-21,542924.87,31068,105418.05
2020-08-22,616302.25,35242,113892.17
2020-08-23,510943.14,29107,99139.71
2020-08-24,585034.62,32113,109297.25
2020-08-25,568365.40,33193,103828.33
2020-08-26,650402.14,36186,126065.50
2020-08-27,734860.76,41398,132696.24
2020-08-28,548539.58,30023,102546.81
2020-08-29,598664.11,34729,113218.90
2020-08-30,550338.49,29787,105095.36
2020-08-31,559559.07,31447,108493.04
2020-09-01,626132.15,36196,118522.61
2020-09-02,634982.03,37878,118062.31
2020-09-03,617764.72,33838,114779.60
2020-09-04,681131.41,38315,126443.56
2020-09-05,603961.77,33870,117329.97
2020-09-06,630662.52,36454,118232.06
2020-09-07,626061.19,35556,124828.75
2020-09-08,551650.47,32310,115940.57
2020-09-09,588921.41,34247,113231.38
2020-09-10,456922.42,27765,85288.57
2020-09-11,641892.40,36370,122561.60
2020-09-12,505553.40,30910,94507.00
2020-09-13,552553.39,31728,106015.17
2020-09-14,492352.63,28764,85469.27
2020-09-15,596959.13,34445,110205.08
2020-09-16,641256.04,37323,116717.77
2020-09-17,582921.37,35074,107857.11
2020-09-18,467987.79,28409,85172.88
2020-09-19,492223.82,30475,91722.07
2020-09-20,588428.28,33336,109059.14
2020-09-21,558406.26,31657,108419.33
2020-09-22,515095.61,31051,96265.62
2020-09-23,689362.88,37722,133635.60
2020-09-24,557557.39,32959,108763.48
2020-09-25,611789.46,34052,111884.48
2020-09-26,503390.29,29666,89871.95
2020-09-27,612944.91,35270,111426.61
2020-09-28,641511.47,36528,125749.25
2020-09-29,578867.67,34026,107359.93
2020-09-30,587097.57,34350,110646.57
2020-10-01,518827.93,30395,101713.88
2020-10-02,556984.96,31336,103428.82
2020-10-03,518391.27,29838,100600.15
2020-10-04,552514.42,33224,103634.66
2020-10-05,510581.94,30086,98316.80
2020-10-06,529000.20,30163,98086.83
2020-10-07,567704.86,31540,109118.76
2020-10-08,569367.99,32293,107381.92
2020-10-09,575902.06,34542,105985.98
2020-10-10,599086.05,34578,117538.83
2020-10-11,606899.95,34706,113591.51
2020-10-12,482822.32,28054,88173.36
2020-10-13,588152.85,33922,110650.57
2020-10-14,522525.86,29783,98536.69
2020-10-15,647552.65,37276,122677.91
2020-10-16,498420.94,27997,94690.91
2020-10-17,467477.90,27389,88224.79
2020-10-18,605183.52,35049,117833.01
2020-10-19,544657.49,30606,107858.05
2020-10-20,720508.96,43247,135583.43
2020-10-21,625579.66,35964,116201.80
2020-10-22,569477.25,32016,109533.91
2020-10-23,551349.58,31527,110912.85
2020-10-24,651795.40,36989,120860.29
2020-10-25,568448.68,32756,105684.74
2020-10-26,575626.85,33285,111773.70
2020-10-27,472740.11,27946,83289.57
2020-10-28,478239.94,27941,88080.85
2020-10-29,494861.67,30096,93238.63
2020-10-30,611480.83,35047,113746.80
2020-10-31,502118.87,28290,97840.27
2020-11-01,618349.41,35830,109222.71
2020-11-02,549659.34,31325,105594.09
2020-11-03,476432.49,26990,89217.39
2020-11-04,484958.39,27338,92602.77
2020-11-05,548972.46,29728,109035.74
2020-11-06,518376.36,30649,100792.85
2020-11-07,585413.09,34412,109515.21
2020-11-08,591000.07,33977,109287.34
2020-11-09,532881.08,30882,101067.40
2020-11-10,546228.62,31370,100755.32
2020-11-11,553138.31,33077,104517.58
2020-11-12,579169.53,33304,109141.07
2020-11-13,641890.53,36356,117046.59
2020-11-14,674770.45,40211,123279.56
2020-11-15,471389.10,26789,91508.99
2020-11-16,490668.52,27378,93388.30
2020-11-17,566199.12,31668,110611.30
2020-11-18,605567.00,34889,109706.89
2020-11-19,643319.46,36139,124644.35
2020-11-20,560462.85,31451,105171.86
2020-11-21,490765.18,28843,88251.61
2020-11-22,520391.56,32633,92986.89
2020-11-23,515999.48,29245,101523.43
2020-11-24,540788.17,33367,101653.84
2020-11-25,610829.78,35642,113380.70
2020-11-26,591586.70,32934,118249.54
2020-11-27,521236.07,29645,101907.02
2020-11-28,527470.12,30351,99263.13
2020-11-29,507629.05,30095,97654.50
2020-11-30,522650.40,30683,96885.73
2020-12-01,538196.22,32460,104237.82
2020-12-02,514170.40,29843,92308.83
2020-12-03,534326.42,32006,93568.98
2020-12-04,586242.99,32323,109348.22
2020-12-05,609638.37,35256,110573.43
2020-12-06,557301.95,32607,111122.02
2020-12-07,530149.42,31621,94953.63
2020-12-08,598944.01,35707,111772.08
2020-12-09,525809.35,31478,101669.13
2020-12-10,519539.46,30377,93899.73
2020-12-11,494132.11,28721,94358.32
2020-12-12,535549.20,30891,100385.11
2020-12-13,677042.26,36916,130357.92
2020-12-14,534969.13,31034,100676.97
2020-12-15,580321.22,34280,106972.52
2020-12-16,611728.74,35622,109671.96
2020-12-17,537155.01,31357,107024.58
2020-12-18,603786.44,34777,118717.21
2020-12-19,603269.21,34375,114788.96
2020-12-20,517449.11,31698,97495.59
2020-12-21,551973.56,30093,109354.49
2020-12-22,661385.65,38990,121266.55
2020-12-23,540917.05,31289,95561.44
2020-12-24,597327.89,32581,114177.20
2020-12-25,586915.88,32878,117097.16
2020-12-26,641079.75,36000,121762.75
2020-12-27,623821.82,35416,115378.98
2020-12-28,551358.55,30537,112241.42
2020-12-29,563502.72,32823,100029.95
2020-12-30,522445.18,30287,96858.55
2020-12-31,625718.92,35485,124801.77
2021-01-01,540909.58,29885,107966.93
2021-01-02,560853.24,32952,101245.26
2021-01-03,564929.35,33544,107352.29
2021-01-04,562969.88,32267,108696.55
2021-01-05,637186.60,35724,125838.84
2021-01-06,589995.19,32729,115897.98
2021-01-07,578610.18,33355,102776.23
2021-01-08,548602.40,32303,103232.93
2021-01-09,581878.39,33599,108620.88
2021-01-10,495108.28,29404,97798.82
2021-01-11,505411.24,28743,100644.17
2021-01-12,574643.68,33747,110533.65
2021-01-13,565332.09,32537,109905.96
2021-01-14,581613.32,33021,112442.03
2021-01-15,597359.27,33823,109564.50
2021-01-16,657942.46,37846,124883.92
2021-01-17,425347.55,24810,80855.65
2021-01-18,543608.99,31948,100773.97
2021-01-19,465214.93,26626,94573.69
2021-01-20,611787.01,34913,113929.14
2021-01-21,557886.11,31401,103540.12
2021-01-22,575846.89,33091,107245.30
2021-01-23,627223.88,35593,121602.31
2021-01-24,602205.91,35428,107331.69
2021-01-25,519671.60,29954,97251.64
2021-01-26,617827.41,34867,114722.58
2021-01-27,625959.85,35498,119079.33
2021-01-28,472372.11,27758,89407.19
2021-01-29,658863.20,37282,116822.02
2021-01-30,616933.29,36378,113293.57
2021-01-31,613226.47,36525,116494.22
2021-02-01,646859.32,36716,126193.98
2021-02-02,608864.04,35139,119879.43
2021-02-03,499347.81,28485,99201.16
2021-02-04,587089.87,35106,106224.93
2021-02-05,472876.83,28626,90879.59
2021-02-06,683050.06,40356,126795.62
2021-02-07,530151.72,31675,101741.47
2021-02-08,631204.36,36390,121801.76
2021-02-09,518320.79,29360,102002.39
2021-02-10,617779.32,35282,119095.64
2021-02-11,683633.90,38870,128720.60
2021-02-12,557576.91,31499,98143.90
2021-02-13,504388.32,28906,100326.88
2021-02-14,565038.73,33476,106781.99
2021-02-15,493993.98,28146,94057.44
2021-02-16,634435.71,36596,120878.17
2021-02-17,477079.00,27097,88945.97
2021-02-18,635978.79,36819,121629.98
2021-02-19,630714.15,36391,125368.06
2021-02-20,467018.92,28537,86020.79
2021-02-21,522188.66,31444,98316.10
2021-02-22,625473.02,34945,116158.47
2021-02-23,592316.82,34626,107304.08
2021-02-24,651497.99,36866,126528.15
2021-02-25,568646.52,34618,106809.70
2021-02-26,467708.14,26349,88461.13
2021-02-27,525747.74,31136,95731.60
2021-02-28,663421.72,37821,119900.93
2021-03-01,498452.17,29045,91412.12
2021-03-02,518315.12,29906,97976.18
2021-03-03,554933.97,32906,99133.53
2021-03-04,616649.03,34519,118472.72
2021-03-05,573653.97,33143,109658.90
2021-03-06,574766.57,32605,109398.12
2021-03-07,647362.31,36848,125070.79
2021-03-08,512560.00,30993,98538.93
2021-03-09,599436.80,34521,113892.51
2021-03-10,565033.42,32428,110679.70
2021-03-11,523619.34,30030,95793.64
2021-03-12,413130.75,24038,81358.13
2021-03-13,466265.85,27420,83990.05
2021-03-14,593452.64,33627,118190.41
2021-03-15,588127.06,34576,112920.82
2021-03-16,521804.63,29406,100731.69
2021-03-17,558238.81,30407,102046.38
2021-03-18,567327.37,32608,110827.45
2021-03-19,527956.10,29421,98572.81
2021-03-20,440431.72,25689,77343.11
2021-03-21,572974.93,32226,107229.69
2021-03-22,606667.63,34064,117409.77
2021-03-23,515491.35,30349,98734.84
2021-03-24,673164.11,37814,131090.25
2021-03-25,542848.69,29818,105950.87
2021-03-26,560069.27,33863,100238.40
2021-03-27,646630.39,38144,122247.83
2021-03-28,545653.71,32873,100008.94
2021-03-29,624481.10,35119,108537.79
2021-03-30,672540.67,39130,125165.97
2021-03-31,563464.55,31294,116383.99
2021-04-01,567892.43,32790,107200.33
2021-04-02,577809.93,33589,110315.82
2021-04-03,606586.63,34898,116873.11
2021-04-04,596202.56,34613,109200.69
2021-04-05,490745.92,28933,89098.75
2021-04-06,622949.84,36601,119316.35
2021-04-07,519736.97,30140,91208.37
2021-04-08,688220.82,39573,127362.05
2021-04-09,568667.99,31483,112470.32
2021-04-10,581225.78,32906,114754.84
2021-04-11,499137.09,29609,91773.68
2021-04-12,680273.76,39977,128109.03
2021-04-13,495849.27,28418,97842.45
2021-04-14,515350.01,29748,90973.49
2021-04-15,592588.13,33301,109452.64
2021-04-16,568306.93,34853,106648.46
2021-04-17,603433.79,33897,115945.26
2021-04-18,534645.84,30666,100603.00
2021-04-19,464781.86,26331,89362.17
2021-04-20,597722.31,35166,108709.97
2021-04-21,601814.13,32181,114103.94
2021-04-22,498197.70,30300,95852.20
2021-04-23,527527.65,31263,97959.28
2021-04-24,480488.40,28973,88862.13
2021-04-25,553754.99,31565,99647.14
2021-04-26,652772.68,37113,119186.31
2021-04-27,562078.87,31764,111261.01
2021-04-28,626653.32,37719,119757.01
2021-04-29,519355.62,32094,89523.56
2021-04-30,511393.60,29936,95389.96
2021-05-01,692299.75,39369,128716.94
2021-05-02,507277.25,29525,92816.50
2021-05-03,545004.39,32955,103880.94
2021-05-04,704961.79,39878,132840.57
2021-05-05,682448.21,39630,128528.51
2021-05-06,554374.85,33628,104277.63
2021-05-07,534634.26,31525,97882.01
2021-05-08,489973.41,29425,87689.16
2021-05-09,525900.25,30911,100121.36
2021-05-10,557467.15,30885,105921.00
2021-05-11,603102.47,33132,112163.79
2021-05-12,556082.83,31993,106859.26
2021-05-13,550993.60,30810,109997.20
2021-05-14,538779.38,31625,108882.13
2021-05-15,574102.46,33543,106659.39
2021-05-16,586521.25,35283,106726.08
2021-05-17,658642.90,37938,125485.78
2021-05-18,621780.30,34440,117323.20
2021-05-19,511790.07,29642,93164.49
2021-05-20,565391.65,31609,112238.74
2021-05-21,566664.70,32399,104242.19
2021-05-22,579003.08,33838,116294.96
2021-05-23,566788.35,31460,106997.95
2021-05-24,641603.04,34734,129876.88
2021-05-25,654913.85,37298,121548.83
2021-05-26,516489.13,29605,91315.68
2021-05-27,477853.11,28299,92202.60
2021-05-28,655191.81,38104,125962.35
2021-05-29,448422.96,24757,86174.03
2021-05-30,508247.01,29919,94176.70
2021-05-31,432529.88,24223,80781.11
2021-06-01,611859.52,34462,114186.14
2021-06-02,596409.02,33321,115407.23
2021-06-03,666953.70,36676,128783.96
2021-06-04,639042.52,35875,119757.77
2021-06-05,637505.03,37445,122934.48
2021-06-06,524255.54,30460,99952.64
2021-06-07,543306.79,29660,103099.39
2021-06-08,555051.11,31665,105925.26
2021-06-09,541226.93,31528,108497.21
2021-06-10,547346.37,32610,110388.97
2021-06-11,540762.10,32959,103296.69
2021-06-12,483122.62,29380,93586.92
2021-06-13,503005.66,29868,99403.84
2021-06-14,534047.44,32360,99681.54
2021-06-15,542847.99,31408,103562.57
2021-06-16,663253.58,38353,123257.61
2021-06-17,603812.41,35487,113001.28
2021-06-18,491572.22,30011,100335.33
2021-06-19,554190.16,33773,104562.39
2021-06-20,527221.00,30052,98504.02
2021-06-21,619974.40,37129,113619.19
2021-06-22,586046.20,35948,109566.18
2021-06-23,543749.71,32252,99395.73
2021-06-24,551287.69,30865,105290.84
2021-06-25,664744.80,38357,125806.37
2021-06-26,586974.40,35576,107947.66
2021-06-27,533856.18,30483,102983.51
2021-06-28,607502.37,36532,112825.19
2021-06-29,489241.95,28368,84868.13
2021-06-30,519170.28,30081,91647.09
2021-07-01,658799.12,39182,125451.94
2021-07-02,609600.35,35135,115480.70
2021-07-03,555109.50,32923,104597.23
2021-07-04,545527.07,31460,103443.67
2021-07-05,465934.66,27115,83882.81
2021-07-06,557665.46,31739,103040.35
2021-07-07,572836.60,34437,104737.97
2021-07-08,530174.86,31221,102943.57
2021-07-09,645075.33,36830,126214.13
2021-07-10,528809.36,31545,97305.81
2021-07-11,690687.20,39774,133039.94
2021-07-12,539187.82,31203,102029.85
2021-07-13,511022.37,28428,101872.65
2021-07-14,619333.89,34850,125232.39
2021-07-15,625156.85,35716,118175.51
2021-07-16,543550.86,30980,100899.66
2021-07-17,557113.37,33998,106897.85
2021-07-18,479469.19,27523,95988.42
2021-07-19,512889.79,29853,96120.32
2021-07-20,483882.12,27991,88181.53
2021-07-21,560253.09,34505,101664.14
2021-07-22,521767.22,29960,101530.82
2021-07-23,597103.63,34044,117880.57
2021-07-24,546757.04,30929,104801.33
2021-07-25,628412.32,36401,115380.33
2021-07-26,497129.38,29259,96164.97
2021-07-27,609972.12,34436,120459.48
2021-07-28,548272.48,32593,101954.91
2021-07-29,478576.94,27994,93668.88
2021-07-30,606672.58,34229,108157.37
2021-07-31,589727.02,34560,113557.12
2021-08-01,558274.99,31884,100304.83
2021-08-02,633366.63,37174,122862.37
2021-08-03,581019.23,33750,103973.23
2021-08-04,507813.15,30283,96905.48
2021-08-05,626262.63,37120,115862.33
2021-08-06,571866.01,32371,104768.72
2021-08-07,627786.27,36994,122963.71
2021-08-08,641394.45,37322,122178.17
2021-08-09,562867.49,33426,110656.75
2021-08-10,582814.71,32459,114477.30
2021-08-11,528170.78,31955,101009.33
2021-08-12,609070.30,34094,110100.24
2021-08-13,603101.96,33180,115573.26
2021-08-14,619167.47,34644,118062.41
2021-08-15,581676.10,34048,108831.08
2021-08-16,649559.87,36717,122476.54
2021-08-17,569309.12,32742,104659.54
2021-08-18,556414.33,32053,109259.36
2021-08-19,562872.03,32396,105820.49
2021-08-20,489652.88,28585,92745.23
2021-08-21,569536.28,31903,111545.81
2021-08-22,637520.86,35844,121359.80
2021-08-23,602926.21,34235,116964.56
2021-08-24,500374.29,28711,98102.40
2021-08-25,619604.66,37090,115425.06
2021-08-26,722896.27,40938,136383.65
2021-08-27,530727.96,30893,101397.39
2021-08-28,564534.35,32266,107509.51
2021-08-29,605074.43,33506,121091.49
2021-08-30,624140.95,35599,115852.94
2021-08-31,484582.02,27268,88993.70
2021-09-01,582826.19,32777,109725.96
2021-09-02,518979.12,30644,102941.06
2021-09-03,549850.88,31944,102135.82
2021-09-04,657588.96,37532,125051.28
2021-09-05,500775.69,30318,96666.87
2021-09-06,571411.85,34329,109068.14
2021-09-07,484527.09,28011,89962.70
2021-09-08,610799.07,34795,112620.52
2021-09-09,555937.52,32109,103854.11
2021-09-10,605358.95,34544,117721.89
2021-09-11,597565.92,33623,108294.15
2021-09-12,691694.31,38748,136337.29
2021-09-13,587454.77,33544,113133.71
2021-09-14,601688.39,34899,115067.88
2021-09-15,564558.88,32492,108211.30
2021-09-16,574503.85,35786,102597.71
2021-09-17,578163.23,32340,103895.13
2021-09-18,600398.59,34313,120451.72
2021-09-19,518719.19,30171,92035.40
2021-09-20,622516.65,36906,117875.21
2021-09-21,570501.01,33789,101923.90
2021-09-22,512052.53,31285,96991.88
2021-09-23,717739.51,41274,141080.25
2021-09-24,456773.34,26864,86629.48
2021-09-25,538278.08,30951,100275.59
2021-09-26,535756.49,31806,102618.05
2021-09-27,571115.53,33175,116818.28
2021-09-28,613385.51,35343,119434.94
2021-09-29,674945.60,38561,120811.71
2021-09-30,675073.17,38537,131522.54
2021-10-01,560736.56,31413,110671.69
2021-10-02,589159.50,34817,106467.67
2021-10-03,671584.98,36563,134991.61
2021-10-04,528372.78,30891,104151.69
2021-10-05,626730.85,34448,121108.33
2021-10-06,531642.92,30678,105861.20
2021-10-07,499288.91,27415,92934.06
2021-10-08,580329.72,33242,112294.14
2021-10-09,557897.00,31537,107028.87
2021-10-10,552111.65,29736,112747.51
2021-10-11,641275.83,36504,125591.87
2021-10-12,603457.90,35445,118827.35
2021-10-13,613675.34,34873,113702.07
2021-10-14,625383.10,36063,116797.73
2021-10-15,540410.04,30014,97262.68
2021-10-16,583651.22,33845,109842.67
2021-10-17,470086.94,26898,91809.92
2021-10-18,520812.28,29573,93775.01
2021-10-19,550455.64,30809,102906.23
2021-10-20,546318.85,30764,102000.49
2021-10-21,574672.62,31695,104548.07
2021-10-22,607850.72,35791,111248.63
2021-10-23,441760.57,26298,83530.05
2021-10-24,689645.12,38970,131696.32
2021-10-25,479359.47,28320,85594.67
2021-10-26,617888.99,36932,116754.81
2021-10-27,555067.73,31107,103300.30
2021-10-28,451866.99,26167,84756.16
2021-10-29,621604.53,35771,119271.24
2021-10-30,623018.97,35335,114095.32
2021-10-31,474785.53,28329,83541.32
2021-11-01,531956.29,29272,102856.01
2021-11-02,647537.08,36013,123554.21
2021-11-03,626805.64,36270,123092.84
2021-11-04,486717.00,29439,95032.89
2021-11-05,533475.30,30528,98437.08
2021-11-06,626473.32,36734,121764.16
2021-11-07,437756.25,24046,79701.21
2021-11-08,594583.19,34723,114824.92
2021-11-09,504449.06,29063,94333.19
2021-11-10,476685.85,27816,88852.51
2021-11-11,415197.43,23344,78799.87
2021-11-12,530539.28,30109,103879.37
2021-11-13,635783.91,36713,113431.54
2021-11-14,572939.50,34709,106817.59
2021-11-15,510343.70,29510,98842.30
2021-11-16,575663.36,33153,111235.89
2021-11-17,486880.72,27002,94349.24
2021-11-18,688239.92,38131,131525.73
2021-11-19,549537.23,30516,102174.39
2021-11-20,616081.85,36132,118579.17
2021-11-21,484135.56,28077,92769.33
2021-11-22,622835.28,34758,113761.86
2021-11-23,572935.16,33009,111044.75
2021-11-24,534303.27,32733,95122.10
2021-11-25,563207.73,31089,110212.62
2021-11-26,640161.55,35280,129353.85
2021-11-27,519441.68,29012,96757.30
2021-11-28,631369.67,36112,125508.29
2021-11-29,629019.14,37233,113956.97
2021-11-30,610532.89,35075,118216.14
2021-12-01,668040.16,35985,127761.51
2021-12-02,578306.24,32371,110020.95
2021-12-03,752145.01,41454,138407.55
2021-12-04,659110.42,37066,127767.08
2021-12-05,568374.41,31840,115413.81
2021-12-06,483543.39,27760,92047.49
2021-12-07,411946.05,23346,77582.01
2021-12-08,545965.21,30346,100824.67
2021-12-09,667105.03,38926,123245.29
2021-12-10,519279.96,31402,94124.98
2021-12-11,388082.51,21750,70383.01
2021-12-12,598413.90,33079,112082.19
2021-12-13,615549.02,34407,113693.59
2021-12-14,592119.96,33392,119141.38
2021-12-15,616941.33,34679,123192.12
2021-12-16,531182.00,30411,102444.11
2021-12-17,567515.37,32272,106968.59
2021-12-18,525667.46,30854,97735.50
2021-12-19,511074.13,29252,91644.15
2021-12-20,580889.22,33479,108202.01
2021-12-21,529828.15,30867,102026.82
2021-12-22,522138.01,31967,91300.68
2021-12-23,584075.04,34870,109746.74
2021-12-24,520706.36,31279,98006.65
2021-12-25,540942.38,31816,100227.54
2021-12-26,562338.32,32424,102816.06
2021-12-27,550958.30,30714,106150.94
2021-12-28,502553.86,29062,92145.48
2021-12-29,487974.13,28083,90627.46
2021-12-30,539502.86,31144,101615.30
2021-12-31,495181.79,29253,99139.82
2022-01-01,571169.86,32736,104003.72
2022-01-02,470496.79,25645,91914.24
2022-01-03,588329.26,33770,112916.96
2022-01-04,552716.70,31723,103901.93
2022-01-05,533228.61,32762,92052.73
2022-01-06,454587.28,25357,93858.35
2022-01-07,473965.54,26772,88887.26
2022-01-08,546087.15,31283,104919.48
2022-01-09,692601.24,39984,136723.58
2022-01-10,550372.02,32812,101627.64
2022-01-11,491387.01,28334,99286.35
2022-01-12,590562.60,34259,106556.69
2022-01-13,546144.22,29422,108298.94
2022-01-14,589762.74,33259,111404.33
2022-01-15,602354.61,33180,121252.91
2022-01-16,593026.91,35177,111501.18
2022-01-17,588914.54,33526,115183.30
2022-01-18,500299.54,28177,102291.81
2022-01-19,585493.22,33671,109199.93
2022-01-20,598251.85,33622,116195.57
2022-01-21,578832.07,32371,109792.28
2022-01-22,647592.87,36560,126173.47
2022-01-23,545487.76,30749,101753.75
2022-01-24,607022.91,34142,116141.33
2022-01-25,550486.78,31943,106896.21
2022-01-26,625789.28,34108,119915.86
2022-01-27,594313.30,33422,114363.52
2022-01-28,540154.69,33235,92842.04
2022-01-29,558688.11,33278,103465.39
2022-01-30,561841.81,31952,109340.83
2022-01-31,592251.85,33873,109990.08
2022-02-01,503901.44,28981,98354.25
2022-02-02,521897.49,30084,96134.33
2022-02-03,479161.26,27541,88691.17
2022-02-04,489789.98,27111,95742.59
2022-02-05,535501.43,29258,101689.51
2022-02-06,601057.40,35669,112736.09
2022-02-07,545252.74,31869,99608.43
2022-02-08,686288.58,38509,122892.17
2022-02-09,576051.25,33592,111438.17
2022-02-10,680032.07,39238,123788.45
2022-02-11,479925.35,26591,88184.26
2022-02-12,644908.41,37606,118891.47
2022-02-13,685090.29,39152,130715.31
2022-02-14,602974.08,35060,111255.68
2022-02-15,570110.66,33489,103430.05
2022-02-16,647607.77,38398,124107.25
2022-02-17,613339.48,34612,116811.60
2022-02-18,550102.00,31816,103391.66
2022-02-19,659872.77,37967,124095.44
2022-02-20,463873.39,25740,88765.79
2022-02-21,599786.17,33187,113650.04
2022-02-22,652588.42,37721,117299.13
2022-02-23,527393.44,29964,97222.58
2022-02-24,651633.21,38827,123567.48
2022-02-25,618364.26,35482,113850.58
2022-02-26,506992.01,28084,93672.35
2022-02-27,541468.93,30222,102752.65
2022-02-28,562667.31,33196,109052.77
2022-03-01,579551.83,34006,102346.39
2022-03-02,594557.72,34928,116059.00
2022-03-03,560327.56,31871,103701.77
2022-03-04,543489.82,32347,95507.79
2022-03-05,466056.55,27409,90857.64
2022-03-06,599203.26,34745,121995.71
2022-03-07,616757.51,33384,120233.85
2022-03-08,515462.34,30882,97228.66
2022-03-09,576324.86,34346,108434.32
2022-03-10,547813.79,31728,106113.07
2022-03-11,595530.01,34243,111208.94
2022-03-12,539448.56,31207,97128.13
2022-03-13,518349.48,30535,103053.33
2022-03-14,634861.76,33661,126394.37
2022-03-15,593317.02,34428,112331.30
2022-03-16,520623.23,31219,95136.42
2022-03-17,524176.15,30213,96386.28
2022-03-18,591392.81,33717,111205.48
2022-03-19,477129.30,28255,85105.85
2022-03-20,487021.60,27584,81288.44
2022-03-21,548019.12,30811,108833.73
2022-03-22,577659.48,33289,107007.37
2022-03-23,567978.28,33417,107729.95
2022-03-24,570951.78,31438,109120.16
2022-03-25,629235.50,35305,118293.55
2022-03-26,596188.41,32475,113799.66
2022-03-27,511930.04,30435,97661.89
2022-03-28,628217.84,36442,119627.26
2022-03-29,539721.82,31092,104921.74
2022-03-30,577898.27,32203,110600.80
2022-03-31,528249.51,29968,99569.19
2022-04-01,639233.63,36062,116321.25
2022-04-02,544113.52,33249,103967.01
2022-04-03,601219.41,33756,107536.97
2022-04-04,468981.34,27101,81133.35
2022-04-05,549667.49,29882,108716.31
2022-04-06,534980.66,29979,101438.45
2022-04-07,543718.40,32056,103107.96
2022-04-08,573938.70,32725,112149.45
2022-04-09,504306.90,29444,98411.84
2022-04-10,568800.26,33282,109677.08
2022-04-11,670513.14,39497,125651.61
2022-04-12,614677.70,36098,112119.68
2022-04-13,647640.28,37352,126224.30
2022-04-14,430811.93,25919,87082.62
2022-04-15,523735.23,29555,100705.28
2022-04-16,545597.64,32387,97121.51
2022-04-17,635312.68,35413,122611.31
2022-04-18,556964.02,30870,106353.22
2022-04-19,586387.40,34053,116014.93
2022-04-20,523159.23,30724,99558.97
2022-04-21,533841.67,32337,101399.54
2022-04-22,535520.26,31468,96473.44
2022-04-23,578838.79,34197,104321.26
2022-04-24,623776.68,34866,124419.34
2022-04-25,577941.17,32587,107708.54
2022-04-26,645291.11,37578,126230.39
2022-04-27,607202.94,35356,111089.00
2022-04-28,661288.64,38710,124917.74
2022-04-29,695310.56,40236,129631.92
2022-04-30,608119.05,36579,113811.84
2022-05-01,568435.04,31053,112929.57
2022-05-02,512314.00,30838,96875.38
2022-05-03,705287.13,39396,134909.59
2022-05-04,635228.70,37468,129810.88
2022-05-05,485616.39,28938,98872.77
2022-05-06,601766.25,35978,115858.03
2022-05-07,578740.30,33237,107866.17
2022-05-08,538722.56,31882,101085.88
2022-05-09,526554.73,31435,93770.58
2022-05-10,593012.77,33392,114615.19
2022-05-11,562552.46,33523,101911.69
2022-05-12,408484.98,23458,74545.06
2022-05-13,672408.22,37531,131382.03
2022-05-14,563137.51,32736,106160.37
2022-05-15,603131.64,33590,112564.04
2022-05-16,559109.05,33002,107193.07
2022-05-17,468840.60,27327,92617.87
2022-05-18,654566.87,36727,129240.64
2022-05-19,581281.31,33733,111661.14
2022-05-20,498792.95,29572,94446.17
2022-05-21,535887.02,30915,97372.67
2022-05-22,622454.83,36083,118295.16
2022-05-23,516570.86,30189,95548.25
2022-05-24,663126.17,38353,118825.20
2022-05-25,461082.03,27570,90467.73
2022-05-26,505884.35,29070,99049.55
2022-05-27,485800.27,28996,88526.73
2022-05-28,496196.37,29520,89822.57
2022-05-29,564161.94,31918,104970.62
2022-05-30,564872.76,33910,108050.86
2022-05-31,582397.32,34416,110813.48
2022-06-01,568796.74,32474,109438.98
2022-06-02,540962.53,30362,100586.15
2022-06-03,676509.41,37811,129406.02
2022-06-04,570712.26,32575,104225.51
2022-06-05,597772.28,33310,109267.88
2022-06-06,491457.71,28190,95310.61
2022-06-07,537056.39,30548,102237.87
2022-06-08,581933.24,35097,105771.21
2022-06-09,626476.21,36093,118137.64
2022-06-10,490152.61,27634,98868.95
2022-06-11,636908.53,36431,125830.84
2022-06-12,614861.39,35944,111325.33
2022-06-13,547793.92,31190,107297.32
2022-06-14,522959.16,31305,95994.71
2022-06-15,667310.73,37108,123030.81
2022-06-16,614187.65,35169,114657.34
2022-06-17,562379.64,31192,108234.56
2022-06-18,557369.52,31724,105900.76
2022-06-19,539055.08,30302,104191.10
2022-06-20,619157.27,34206,115717.83
2022-06-21,689440.83,39476,126116.59
2022-06-22,570166.58,32158,110891.66
2022-06-23,622772.96,36146,118116.92
2022-06-24,580971.33,32774,116680.57
2022-06-25,551341.40,31669,110083.59
2022-06-26,566512.07,30406,106815.13
2022-06-27,569257.71,33921,101775.42
2022-06-28,562319.01,31626,106735.27
2022-06-29,501627.33,28955,95172.38
2022-06-30,530549.90,29955,99917.95
2022-07-01,596526.63,35733,111097.96
2022-07-02,608101.78,34600,126528.28
2022-07-03,512779.97,29801,102810.48
2022-07-04,534356.50,31199,99927.99
2022-07-05,595418.85,36154,107136.89
2022-07-06,605857.55,34792,111803.97
2022-07-07,572237.80,32846,111315.26
2022-07-08,569314.96,33133,114306.79
2022-07-09,715176.05,40244,130259.49
2022-07-10,504140.64,29312,91999.26
2022-07-11,623842.72,35706,112970.28
2022-07-12,634632.62,37876,122740.88
2022-07-13,506588.28,30212,91730.90
2022-07-14,526808.81,31354,99980.35
2022-07-15,666603.45,38474,123910.69
2022-07-16,508304.62,29128,104283.40
2022-07-17,519381.42,31295,98126.37
2022-07-18,567962.25,33109,105535.34
2022-07-19,517583.93,30502,101974.45
2022-07-20,435867.31,26021,81118.52
2022-07-21,671245.22,39388,129725.60
2022-07-22,585987.81,34904,108182.85
2022-07-23,534779.91,31136,99123.27
2022-07-24,550367.91,32699,101120.90
2022-07-25,599133.90,33428,113035.18
2022-07-26,530096.74,30137,102245.61
2022-07-27,617470.55,36719,119005.24
2022-07-28,544963.31,31337,99884.68
2022-07-29,654109.74,36641,125123.65
2022-07-30,486503.77,29038,95819.15
2022-07-31,542632.39,32225,100300.14
2022-08-01,621207.29,36030,113528.59
2022-08-02,529848.87,29060,94301.97
2022-08-03,669711.40,37821,126474.11
2022-08-04,572223.37,32582,104223.19
2022-08-05,545821.04,30127,100436.81
2022-08-06,604150.52,33821,112042.73
2022-08-07,639779.41,35851,117961.92
2022-08-08,816149.93,46807,152373.00
2022-08-09,529481.63,30077,101004.90
2022-08-10,667791.04,36968,124015.72
2022-08-11,612969.19,35999,119795.68
2022-08-12,550649.69,32415,104302.34
2022-08-13,595709.88,34369,113190.07
2022-08-14,509746.91,30601,97312.42
2022-08-15,615563.19,36590,116555.09
2022-08-16,572442.65,32711,111236.76
2022-08-17,605337.89,36335,112860.74
2022-08-18,459504.96,27664,87770.10
2022-08-19,654234.78,37334,122693.62
2022-08-20,586120.83,32090,113458.73
2022-08-21,591625.78,33692,110138.70
2022-08-22,514170.38,28398,97166.36
2022-08-23,520055.53,30676,106905.29
2022-08-24,579317.60,32231,109749.41
2022-08-25,540794.72,30234,103328.06
2022-08-26,551622.89,31446,102860.35
2022-08-27,667237.07,37368,123904.75
2022-08-28,538349.46,31606,102518.02
2022-08-29,580303.31,32337,108936.18
2022-08-30,516765.13,30271,91388.84
2022-08-31,578331.60,32546,107773.06
2022-09-01,519421.60,29921,96416.31
2022-09-02,532347.67,31018,102314.35
2022-09-03,511890.21,30657,96230.78
2022-09-04,627547.55,35453,124181.58
2022-09-05,508995.45,28868,103977.63
2022-09-06,542992.43,32397,105825.90
2022-09-07,565186.10,32784,105443.44
2022-09-08,565349.08,32745,109625.03
2022-09-09,568066.97,31626,109429.23
2022-09-10,607736.72,35051,111980.23
2022-09-11,572760.14,33703,105395.17
2022-09-12,527967.85,29740,98579.75
2022-09-13,568000.22,33107,100962.79
2022-09-14,487122.59,28060,93796.69
2022-09-15,547285.84,32521,96341.55
2022-09-16,624809.66,35207,111242.23
2022-09-17,557988.64,31394,99426.08
2022-09-18,631181.21,37894,117999.65
2022-09-19,626831.75,35618,119439.43
2022-09-20,692042.93,37862,129899.55
2022-09-21,541698.47,30416,107411.63
2022-09-22,538404.61,31808,104704.19
2022-09-23,558338.75,33176,99691.01
2022-09-24,588254.24,34389,105389.63
2022-09-25,511045.58,28768,99020.26
2022-09-26,544106.66,31344,102390.60
2022-09-27,543881.86,31770,102082.06
2022-09-28,651163.11,39305,112579.66
2022-09-29,575780.31,33047,111902.78
2022-09-30,665191.07,37577,127598.84
2022-10-01,499955.34,29004,95451.88
2022-10-02,598088.40,33368,107592.58
2022-10-03,601780.91,35101,112338.92
2022-10-04,591795.77,35243,113094.20
2022-10-05,592879.59,34048,107051.57
2022-10-06,560995.69,32191,104352.60
2022-10-07,659328.59,38084,122437.43
2022-10-08,610679.16,36491,117406.57
2022-10-09,536315.45,29981,104612.76
2022-10-10,585631.56,33948,109532.04
2022-10-11,505138.64,30146,92835.10
2022-10-12,592863.34,32949,112204.33
2022-10-13,639852.51,37079,117842.30
2022-10-14,620740.80,36363,121232.43
2022-10-15,521585.54,30675,93998.79
2022-10-16,514788.54,29835,92947.39
2022-10-17,652227.88,37615,124792.03
2022-10-18,533621.57,32199,93386.56
2022-10-19,551406.94,31294,104617.38
2022-10-20,616627.86,37234,110299.70
2022-10-21,592050.02,34573,108791.25
2022-10-22,623629.36,35135,115261.71
2022-10-23,546529.81,32680,97903.61
2022-10-24,558633.62,32185,107538.47
2022-10-25,538714.02,31707,103002.59
2022-10-26,610037.26,35672,120787.98
2022-10-27,569658.22,31248,109933.70
2022-10-28,454671.88,27658,84107.96
2022-10-29,596534.12,33492,110918.54
2022-10-30,592844.36,34097,114120.33
2022-10-31,566075.93,34411,107554.54
2022-11-01,570509.36,33680,105675.16
2022-11-02,554138.27,33163,108899.90
2022-11-03,601162.40,35195,112833.85
2022-11-04,565273.60,33874,104446.84
2022-11-05,623612.83,34682,123259.15
2022-11-06,490615.43,29303,88586.96
2022-11-07,589081.10,35646,111504.06
2022-11-08,548536.88,32257,104283.45
2022-11-09,633864.07,35868,125720.25
2022-11-10,530391.93,31286,101691.79
2022-11-11,522681.60,30332,96102.92
2022-11-12,580469.87,32349,115684.36
2022-11-13,556732.81,32555,96887.86
2022-11-14,522306.80,29886,103660.16
2022-11-15,516508.46,29660,101517.06
2022-11-16,592199.50,35100,116287.50
2022-11-17,552679.03,33319,103092.22
2022-11-18,662574.54,37311,113810.65
2022-11-19,586662.63,32728,112408.41
2022-11-20,650866.77,37291,122568.18
2022-11-21,517416.16,28671,98958.37
2022-11-22,538955.44,30909,101803.03
2022-11-23,502186.22,29217,97776.89
2022-11-24,559032.28,32854,103064.82
2022-11-25,531962.53,29189,101461.42
2022-11-26,565578.32,33036,103004.68
2022-11-27,542458.19,32182,98294.01
2022-11-28,527816.42,30081,100512.23
2022-11-29,532025.22,31861,99914.83
2022-11-30,514592.54,31604,95278.08
2022-12-01,483451.37,26760,87682.47
2022-12-02,538836.75,30972,97828.97
2022-12-03,514628.56,30096,98080.52
2022-12-04,578438.77,31044,118335.21
2022-12-05,626684.71,34353,118139.74
2022-12-06,561314.50,31983,110008.33
2022-12-07,577231.49,33889,106307.38
2022-12-08,588114.49,34308,113698.07
2022-12-09,539440.32,29143,108882.75
2022-12-10,697756.09,38623,129209.32
2022-12-11,495938.72,28445,89295.17
2022-12-12,501337.75,29874,89019.99
2022-12-13,557529.55,33171,105417.26
2022-12-14,591674.20,33318,120004.88
2022-12-15,605891.49,34571,112613.70
2022-12-16,528669.99,30414,98703.13
2022-12-17,562917.98,31217,110913.15
2022-12-18,637281.22,36394,122627.16
2022-12-19,549991.85,30715,103950.00
2022-12-20,594526.63,34565,113750.28
2022-12-21,537255.45,31732,97767.77
2022-12-22,463011.61,28502,80899.63
2022-12-23,625595.25,35529,121406.04
2022-12-24,540785.93,29296,106771.39
2022-12-25,523087.16,30347,99308.13
2022-12-26,501088.70,28878,97403.98
2022-12-27,630927.37,36431,115095.18
2022-12-28,445417.61,25397,85646.08
2022-12-29,574232.04,33214,111216.18
2022-12-30,434033.85,25555,83292.40
2022-12-31,647271.90,37460,122560.50
